sentiment,reviews,translated_reviews
0,teacher are punctual but they should also give us the some practical knowledge other than theortical,guru tepat waktu tetapi mereka juga harus memberi kita beberapa pengetahuan praktis selain teorsial
1,Good,bagus
1,Excellent lectures are delivered by teachers and all teachers are very punctual.,kuliah yang sangat baik disampaikan oleh guru dan semua guru sangat tepat waktu
1,teachers give us all the information required to improve the performance.,guru memberi kami semua informasi yang diperlukan untuk meningkatkan kinerja
1,Yes,ya
1,good and punctual,baik dan tepat waktu
1,It is good,ini baik
1,It's good when compare with my Btech lectures and teaching activities.,bagus saat dibandingkan dengan kuliah btech dan kegiatan pengajaran saya
1,way of teaching is good,cara mengajar itu bagus
0,"University teaching here is very much dependent upon slides,though it is a easy way of teaching but still leaving some concepts unclear..otherwise interaction with the faculty is good.Lecture delivery sometimes is not upto the mark and punctuality is fine.",pengajaran di universitas di sini sangat bergantung pada slide meskipun ini adalah cara yang mudah untuk mengajar namun masih meninggalkan beberapa konsep tidak jelas namun interaksi dengan fakultas baik pengiriman kuliah terkadang tidak memenuhi harapan dan kecermatan waktu baik
1,As compared to other colleges and university our university is perfect in all the aspects,dibandingkan dengan perguruan tinggi lain dan universitas universitas kami sangat cocok dalam semua aspek
1,Lectures helps in clear our concept,ceramah membantu membersihkan konsep kami
0,"Talk about punctuality, it's really good but the lecture delivery is somehow not appreciated because every teacher has different style of teaching, so lack of knowledge in terms of subject is there and interaction is also kind of boring. A teacher should be entertaining as well but they are really not. All they want us to be studios and disciplined which is really not the thinking of every student.",bicara tentang ketepatan waktu ini sangat bagus tetapi pengiriman kuliah entah bagaimana tidak dihargai karena setiap guru memiliki gaya mengajar yang berbeda sehingga kurangnya pengetahuan dalam hal subjek ada dan interaksi juga agak membosankan seorang guru juga harus menghibur tetapi mereka benar benar tidak yang mereka ingin kita menjadi studio dan disiplin yang benar benar bukan pemikiran dari setiap siswa
1,"University is very good at delivering proper lectures,also the interaction with students is descent. Sometimes the teachers lack in terms of punctuality but overall university is giving a good input.",universitas sangat pandai memberikan kuliah yang tepat juga interaksi dengan siswa adalah keturunan terkadang para guru kurang dalam hal ketepatan waktu tetapi universitas secara keseluruhan memberikan masukan yang baik
1,lecturer are punctual and can interact them easily.,dosen tepat waktu dan dapat berinteraksi dengan mudah
0,Punctuality is good. Most of the teachers are not interacting with students .,ketepatan waktu itu bagus sebagian besar guru tidak berinteraksi dengan siswa
-1,lecture delivery is not so good,pengiriman kuliah tidak begitu bagus
1,"Discipline, punctuality , lecture delivery all are good but have to do some work for quality of lecture",disiplin ketepatan waktu pengiriman kuliah semuanya baik tetapi harus melakukan beberapa pekerjaan untuk kualitas kuliah
0,"Interaction is very good,accurate supplement material is provided but recommendation of books is very poor,the change of a particular teacher after 3 months or a semester of same subject causes problems",interaksi sangat bagus bahan suplemen akurat disediakan tetapi rekomendasi buku sangat buruk perubahan guru tertentu setelah 3 bulan atau satu semester subjek yang sama menyebabkan masalah
1,Perfect,sempurna
1,It is really good,itu sangat bagus
0,Very good teaching and management but too much load on student and working hours,pengajaran dan manajemen yang sangat baik tetapi terlalu banyak beban pada siswa dan jam kerja
-1,in terms of lecture delivery that is good.in terms of punctuality that is also good but in terms of intraction that is very bad. There are some teachers they do not interact and do not litsn our problms that means they do not coprate.,"dalam hal penyampaian materi kuliah itu baik dalam hal ketepatan waktu itu juga baik namun dalam hal interaksi itu sangat buruk ada beberapa guru yang tidak berinteraksi dan tidak mendengarkan masalah kami artinya mereka tidak bekerja sama



"
1,According to me everything is going well in accordance to interaction.More than enough is served.,menurut saya semuanya berjalan baik sesuai dengan interaksi lebih dari cukup disajikan
-1,not effective and satisfactory in terms of lecture delivery by all the faculty .,tidak efektif dan memuaskan dalam hal pengiriman kuliah oleh semua fakultas
1,Accurate,tepat
1,it is good depending on the faculty,itu baik tergantung pada fakultas
1,"maintained punctuality, good lecture delivery",ketepatan waktu yang dipertahankan pengiriman kuliah yang baik
0,average,ratarata
1,"it is quite good , depending on teacher and their experience",itu cukup bagus tergantung pada guru dan pengalaman mereka
1,the way of teaching is good but the time more than enough,cara mengajar itu baik tetapi waktu lebih dari cukup
1,good teaching delivery,pengiriman pengajaran yang baik
1,"good, teacher is delivery the lecture in the best way they can",bagus guru mengirim kuliah dengan cara terbaik yang mereka bisa
0,good and qualified teachers but few lacks in interaction with students and fails to describe a topic,guru yang baik dan berkualitas tetapi hanya sedikit yang kurang berinteraksi dengan siswa dan gagal menggambarkan suatu topik
1,"very good teaching facilities, lecture given are fruitful and teachers are punctual",fasilitas pengajaran yang sangat baik kuliah yang diberikan berbuah dan guru tepat waktu
0,interaction is good but not with mostly male lecturers.punctuality is maintained by everyone but lecture delivery not peak quality.,interaksi baik tetapi tidak dengan sebagian besar dosen pria peruning untal dikelola oleh semua orang tetapi pengiriman kuliah bukan kualitas puncak
1,all things are good,semuanya bagus
1,all activties are good,semua aktivasi bagus
1,All is good. no other university is so serious about the concept of practicals.,semua baik tidak ada universitas lain yang begitu serius tentang konsep praktis
1,"lecture delivery depends on teacher's knowledge, punctuality is good",pengiriman kuliah tergantung pada pengetahuan guru ketepatan waktu itu bagus
1,way of teaching is average,cara mengajar adalah rata rata
-1,not so good,tidak begitu baik
1,the staff is highly punctual ad interactive and encourage students to participate in the class,staf sangat interaktif iklan tepat waktu dan mendorong siswa untuk berpartisipasi dalam kelas
1,"staff and faculty members are always available for interaction, very punctual and delivery of lecture can be improved",staf dan anggota fakultas selalu tersedia untuk interaksi sangat tepat waktu dan pengiriman kuliah dapat ditingkatkan
1,good delivery,pengiriman yang bagus
1,"our university is good in terms of lecture delivery,interaction and punctuality",universitas kami baik dalam hal pengiriman kuliah interaksi dan ketepatan waktu
1,very good,sangat bagus
1,"interaction satisfied, lecture delivery good,punctuality always on time",interaksi puas pengiriman kuliah baik ketepatan waktu selalu tepat waktu
1,Excellent but it depends upon teacher,luar biasa tapi itu tergantung pada guru
1,it is ok,tidak apa apa
-1,some teachers aren't doing their jobs in very well manner,beberapa guru tidak melakukan pekerjaan mereka dengan sangat baik
1,Some of the teachers are not well experienced but they are interactive and helpful and punctual.,beberapa guru tidak berpengalaman tetapi mereka interaktif dan bermanfaat dan tepat waktu
0,not all the teachers are teaching well but it's fine,tidak semua guru mengajar dengan baik tetapi tidak apa apa
1,EXCELLENT,bagus sekali
1,"The faculty is good ,interaction between student and teacher is also good",fakultasnya baik interaksi antara siswa dan guru juga bagus
-1,not good,tidak baik
-1,some of our faculty member are not so experienced that's why most of the time we are facing problems subjects like CSE(c++),beberapa anggota fakultas kami tidak begitu berpengalaman itulah sebabnya sebagian besar waktu kami menghadapi masalah subjek seperti cse c 
1,its to good,itu untuk kebaikan
1,everything is good,semuanya baik
-1,"everything is good but when coming to some lectures who dont have a good grip on subject,they dont behave well with students and they dont even teach all the concepts in the subject.",semuanya baik tetapi ketika datang ke beberapa kuliah yang tidak memiliki cengkeraman yang baik pada subjek mereka tidak berperilaku baik dengan siswa dan mereka bahkan tidak mengajarkan semua konsep dalam subjek
0,"everything was good regarding to university but, some lecturers don't have grip on the subject and lag in the teaching",semuanya baik tentang universitas tetapi beberapa dosen tidak memiliki cengkeraman pada subjek dan kelambatan dalam pengajaran
0,normal,normal
1,teaching activities of our university is good. i am satisfied with it.,kegiatan mengajar universitas kami baik saya puas dengan itu
1,everything is good for faculty,semuanya baik untuk fakultas
1,satisfactory,memuaskan
0,good but not good . sir improve the subject,bagus tapi tidak bagus pak meningkatkan topik pembicaraan
0,"The university is good but it also has a long way to go. More teachers should have their PhD and college fests related to academic curriculum must be improved to a great extent and must be managed properly.The interaction is good, lecture delivery needs more lucidity. The punctuality is top notch.",universitas ini bagus tetapi juga memiliki jalan panjang lebih banyak guru harus memiliki gelar phd dan perguruan tinggi yang terkait dengan kurikulum akademik harus ditingkatkan sebagian besar dan harus dikelola dengan benar interaksi baik pengiriman kuliah membutuhkan lebih banyak kejernihan ketepatan waktu adalah kedudukan tertinggi
1,"our university is good in punctuality,lecture delivery but it is not good in terms of interaction",universitas kami baik dalam waktu dekat pengiriman kuliah tetapi tidak baik dalam hal interaksi
-1,"interaction is very less ,when it comes to lecture delivery its fine but the coordination not there between the lecturers",interaksi sangat kurang ketika datang untuk pengiriman kuliah baik baik saja tetapi koordinasi tidak ada di antara para dosen
1,All lectures are giving their best to teach the students,semua kuliah memberikan yang terbaik untuk mengajar siswa
-1,our university is very good but in terms of interaction of teachers wd students is not at all fair because they interact wd only students understands his/her teaching they don't make remaining students to understand the topic,universitas kami sangat bagus tetapi dalam hal interaksi antara guru dengan mahasiswa tidak adil sama sekali karena mereka hanya berinteraksi dengan mahasiswa yang memahami cara mengajar mereka dan tidak membantu sisanya untuk memahami topik tersebut
1,The university consists of a whole world in itself.It is diverse and manages to conduct all events properly.I love being the part of this university where we get equal and all opportunities in all respects and fields.,universitas terdiri dari seluruh dunia itu sendiri ini beragam dan berhasil melakukan semua acara dengan benar saya senang menjadi bagian dari universitas ini di mana kita mendapatkan yang setara dan semua peluang dalam segala hal dan bidang
1,"teachers are pretty interactive,But it all depends on the student to gain as much as knowledge he can from the teacher.Teachers are punctual and very helpful during exams time.",guru cukup interaktif tetapi semuanya tergantung pada siswa untuk mendapatkan sebanyak yang dia bisa dari guru pencuri adalah tepat waktu dan sangat membantu selama waktu ujian
0,teaching delivery is good .but it is better to reduce there speed of lecture delivery to understand the student better,pengajaran pengajarannya baik tapi lebih baik mengurangi kecepatan pengiriman kuliah untuk memahami siswa dengan lebih baik
1,"overall rating on this activity is 4.5/5 .very nice teaching and interaction between students and lectures was good, every time there will be new and fresh style in delivering the lectures ,thanks.",peringkat keseluruhan pada kegiatan ini adalah 455 pengajaran dan interaksi yang sangat bagus antara siswa dan kuliah bagus setiap kali akan ada gaya baru dan segar dalam menyampaikan kuliah terima kasih
0,"excellent, but reduse the speed of teaching ,up to understand the students",luar biasa tetapi gunakan kembali kecepatan mengajar untuk memahami siswa
0,"teaching is ok but the interaction with the students need to improve, i mean they have to focus on dull students more than intelligents....",mengajar tidak apa apa tetapi interaksi dengan siswa perlu ditingkatkan maksud saya mereka harus lebih fokus pada siswa yang membosankan daripada kecerdasan 
1,Interaction is good but it should be more ...the rest is too perfect,interaksi itu bagus tetapi harus lebih  sisanya terlalu sempurna
1,"teachers are good in subject,and punctuality",guru bagus dalam mata pelajaran dan ketepatan waktu
0,Everything would be fine if there are less number of students in our btech CSE.,semuanya akan baik baik saja jika ada lebih sedikit siswa di btech cse kami
0,faculties are doing quite well but need more senior lecturers.,fakultas baik baik saja tetapi membutuhkan lebih banyak dosen senior
1,satisfied,puas
1,"examination department is not good, teaching is quite good, I cant get extra time for extra knowledge, interaction is good",departemen pemeriksaan tidak baik mengajar cukup baik saya tidak bisa mendapatkan waktu ekstra untuk pengetahuan tambahan interaksi itu bagus
1,Well and Good,baik dan bagus
0,university management is extraordinary but some of the faculty is very bad,manajemen universitas luar biasa tetapi beberapa fakultas sangat buruk
0,"some lectures are excellent,but not everyone",beberapa kuliah sangat baik tetapi tidak semua orang
1,It is very good learning in this university,ini adalah pembelajaran yang sangat bagus di universitas ini
0,it is boring,ini membosankan
0,teaching is good but some lecturers are showing partiality between south people and north people,mengajar itu bagus tetapi beberapa dosen menunjukkan keberpihakan antara orang selatan dan orang utara
0,"teaching is good but some teachers are not able to interact properly and are not able to clear the concepts properly, teachers are punctual.",mengajar itu baik tetapi beberapa guru tidak dapat berinteraksi dengan baik dan tidak dapat menghapus konsep dengan benar guru tepat waktu
1,"Everything is very good. Interaction part is something like teachers mostly interact with each and every student, lecture delivery is very good and punctuality always maintains.",semuanya sangat bagus bagian interaksi adalah sesuatu seperti guru yang sebagian besar berinteraksi dengan setiap siswa pengiriman kuliah sangat baik dan ketepatan waktu selalu dipertahankan
1,"I am very much satisfied with teaching faculty interms of interaction,lecture delivery, punctuality etc",saya sangat puas dengan fakultas pengajar dalam hal interaksi penyampaian materi kuliah ketepatan waktu dan sebagainya
-1,they are showing partiality between north indians and south indians,mereka menunjukkan keberpihakan antara india utara dan india selatan
1,"Interaction is satisfying, Lecture delivery is Good, Punctuality is Excellent",interaksi memuaskan pengiriman kuliah baik ketepatan waktu sangat baik
-1,staff is showing partiality between north indians and south indians,staf menunjukkan keberpihakan antara india utara dan india selatan
1,excellent university the mode of teaching is completely different than any other university in india. lecturers are very friendly with every one they interact just like friends and they are very punctual,universitas yang sangat baik mode pengajaran sama sekali berbeda dari universitas lain di india dosen sangat ramah dengan setiap orang yang mereka berinteraksi seperti teman dan mereka sangat tepat waktu
0,lecture delivery and punctuality was good but the interaction with students was not good.,pengiriman kuliah dan ketepatan waktu bagus tetapi interaksi dengan siswa tidak baik
0,punctuality and lecture is good here but interaction isn't good.,ketepatan waktu dan kuliah bagus di sini tetapi interaksi tidak bagus
1,good enough,cukup baik
1,"In this university there is good interaction with the students, Teachers in this university can deliver the lectures effectively, There is good punctuality in this university",di universitas ini ada interaksi yang baik dengan para siswa guru di universitas ini dapat memberikan kuliah secara efektif ada ketepatan waktu yang baik di universitas ini
1,Very good indeed.,memang sangat bagus
1,"Teaching is excellent,but lecture delivery is not up to the mark.Punctuality is good",pengajaran sangat baik tetapi pengiriman kuliah kurang memenuhi harapan kecermatan waktu bagus
0,interaction of some faculty was good but not all faculty..,interaksi beberapa fakultas bagus tetapi tidak semua fakultas 
1,"good, and also like the teaching style",bagus dan juga menyukai gaya mengajar
1,"Interaction between students and teachers is good ,The lectures delivery is fine, punctuality is good",interaksi antara siswa dan guru baik pengiriman kuliah baik baik saja ketepatan waktu itu bagus
1,not bad,tidak buruk
1,Its Quite Good,itu cukup baik
0,teaching is good some lecturers are showing partiality between south people and north people,mengajar itu baik beberapa dosen menunjukkan keberpihakan antara orang selatan dan orang utara
0,I WAS A STUDENT OF A BOARDING SCHOOL .....(jnv) I STUDIED FOR 7 YEARS THERE RESIDING IN HOSTEL ..NOW LIVING IN LPU IS SAME LIKE THAT..AND STILL MORE SAME AND PUNCTUALITY IS SHOWN HERE BY BOTH TEACHERS AND STUDENTS...AND ALSO BY THE STAFF.. SECURITY IS ABOVE 90%(IN CASE OF STUDENT IS WELL MANURED) ....CLASSES REGULAR ....SPORTS DAILY.....PARTICIPATION WELL/.......QUALITY BELOW AVERAGE,saya adalah seorang siswa sekolah asrama  jnv saya belajar selama 7 tahun di sana yang tinggal di asrama  sekarang tinggal di lpu sama seperti itudan masih lebih sama dan ketepatan waktu ditampilkan di sini oleh kedua guru maupun siswa  dan juga oleh staf  keamanan di atas 90dalam kasus siswa dikotori dengan baik  kelas reguler  olahraga setiap hari  partisipasi sumur kualitas di bawah rata rata
1,All terms are good regarding the university activities,semua istilah baik mengenai kegiatan universitas
1,intraction is good and lecture delivery also good and then punctuality is also is good,interaksi yang baik dan penyampaian materi kuliah yang baik adalah hal yang bagus selain itu kepatuhan pada waktu juga baik
1,all the given terms are good regarding the university,semua istilah yang diberikan baik tentang universitas
1,All the terms are good regarding the university activities.,semua persyaratan baik mengenai kegiatan universitas
-1,Some of the teacher are un experienced. Also they are unfair and baised. In fact many of the teachers are having few or no experience about the subject,beberapa guru tidak berpengalaman mereka juga tidak adil dan memiliki kecenderungan bias bahkan banyak guru yang memiliki sedikit atau tidak memiliki pengalaman tentang mata pelajaran tersebut
1,IT IS GOING GOOD,itu berjalan baik
0,content of courses are average,konten dari kursus tersebut ratarata
1,All courses material provide very good knowledge in depth .,semua materi kursus memberikan pengetahuan yang sangat baik secara mendalam
-1,"Content of course is perfectly in line with the teaching philosophy that is being perpetuated here i.e cramming,rote learning.",konten tentu saja benar benar sejalan dengan filosofi pengajaran yang diabadikan di sini yaitu menjejalkan belajar hafalan
1,content of courses improves my knowledge,konten kursus meningkatkan pengetahuan saya
1,This semester university has provide best teachers,universitas semester ini telah menyediakan guru terbaik
-1,Needs some improvement,membutuhkan beberapa perbaikan
0,Knowledge and depth of the course is good but while coming to the material it's not upto the mark.,pengetahuan dan kedalaman kursus itu bagus tetapi saat datang ke materi itu tidak sesuai dengan sasaran
0,"Knowledge,depth of course is good but course material are not upto the mark",pengetahuan kedalaman tentu saja bagus tetapi materi kursus tidak sesuai dengan sasaran
1,course content is knowledgeable,konten kursus berpengetahuan luas
-1,Content of the courses is good but some courses need improvement. Course material is not upto the mark.,konten kursus bagus tetapi beberapa kursus perlu ditingkatkan bahan kursus tidak sesuai dengan sasaran
-1,Material of the course is not good enough,bahan kursus tidak cukup baik
-1,sometimes proper course material is not required.,terkadang materi kursus yang tepat tidak diperlukan
1,Easily available course material with sufficient knowledge gaining,materi kursus yang mudah tersedia dengan mendapatkan pengetahuan yang cukup
1,"The materials or links provided for study purpose is good, clarity in depth of courses but again it differs from teacher to teacher.",bahan atau tautan yang disediakan untuk tujuan studi baik kejelasan dalam kursus tetapi sekali lagi berbeda dari guru ke guru
1,The course notes are very knowledgeable and proper.,catatan kursus sangat berpengetahuan dan tepat
1,content of the courses are update and mostly based on current technology.,konten kursus diperbarui dan sebagian besar berdasarkan teknologi saat ini
-1,Teachers are not giving depth of course . They trying to cover there work only .,guru tidak memberikan kedalaman tentu saja mereka mencoba menutupi pekerjaan saja di sana
1,every thing is fine,semuanya baikbaik saja
1,It's appreciable,ini cukup besar
-1,The books that are recommended do not contain appropriate content; leads the students to depend on slides given by teachers. Hence the knowledge remains superficial,buku buku yang disarankan tidak mengandung konten yang sesuai membuat para siswa bergantung pada slide yang diberikan oleh guru karenanya pengetahuan tetap dangkal
1,Awesome,luar biasa
1,It is proper,itu tepat
1,Courses are very good and useful,kursus sangat bagus dan bermanfaat
1,Everything is fine. Every thing is taught in depth.Even a single point is elaborated enough to understand.,semuanya baikbaik saja segala sesuatu diajarkan secara mendalam bahkan satu poin diuraikan cukup untuk dipahami
1,content is good enough,konten cukup baik
1,the material provided is beneficial and provides much knowledge,materi yang disediakan bermanfaat dan memberikan banyak pengetahuan
1,fully knowledgeable,sepenuhnya berpengetahuan
1,well planned,terencana dengan baik
1,ok,oke
1,content is very knowledgable and gives us huge knowledge of every subject,konten sangat berpengetahuan dan memberi kita pengetahuan besar tentang setiap subjek
1,"content is enough, we do not need more.",konten sudah cukup kami tidak perlu lebih banyak
0,good quallity content but some teachers do not upload ppts on time,konten kemenangan yang baik tetapi beberapa guru tidak mengunggah ppt tepat waktu
1,course content is good,konten kursus bagus
1,the content of the course is knowledgeable,isi kursus ini berpengetahuan luas
0,subjects are appropriate but much depth is required as syllabus includes only basics not the details,subjek sesuai tetapi banyak kedalaman diperlukan karena silabus hanya mencakup dasar dasarnya bukan detailnya
-1,some courses are irrelevant as they are not related to my stream.,beberapa kursus tidak relevan karena tidak terkait dengan aliran saya
-1,there are many courses which are irrelevant to the branch. some topics are not covered. There is no proper material for any course,ada banyak kursus yang tidak relevan dengan cabang beberapa topik tidak tercakup tidak ada bahan yang tepat untuk kursus apa pun
1,not too bad,lumayan
1,course material is perfect,bahan kursus sempurna
1,IP is provided to the students which is very helpful for the students.,ip diberikan kepada siswa yang sangat membantu bagi siswa
0,depth of course is less on the other hand knowledge and material is good,kedalaman tentu saja kurang di sisi lain pengetahuan dan materi itu bagus
-1,content does not provide deep knowledge,konten tidak memberikan pengetahuan yang mendalam
-1,sometime it is irrelevent with the ongoing courses.,kadang kadang tidak relevent dengan kursus yang sedang berlangsung
0,average(in one term there should be only two major subjects based on numerical),rata rata dalam satu istilah seharusnya hanya ada dua subjek utama berdasarkan numerik
0,some of them are very helpful and knowledgeable and some are just formality,beberapa dari mereka sangat membantu dan berpengetahuan luas dan beberapa hanya formalitas
0,"very knowledgeable, some subjects do not have dedicated material like books available",sangat berpengetahuan beberapa subjek tidak memiliki materi khusus seperti buku yang tersedia
1,optimum content,konten optimal
-1,it is not appropriate,itu tidak pantas
1,Satisfied knowedgeable and proper course material,bahan kursus yang dapat diketahui dan tepat
1,"Good, but there should be at least one a practical subject in every semester",bagus tetapi harus ada setidaknya satu subjek praktis di setiap semester
-1,it is not very deep,itu tidak terlalu dalam
1,course contents are very much relevant to our courses,isi kursus sangat relevan dengan kursus kami
0,The course structure is good and follows todays technology. Some subjects portion are too vast and are difficult to cover in 1 sem,struktur kursus bagus dan mengikuti teknologi saat ini beberapa bagian subjek terlalu luas dan sulit ditutup dalam 1 sem
1,content of the course is good,konten kursus itu bagus
-1,syllabus is not in debth,silabus tidak dalam keadaan utuh
1,as per the courses all the sub are providing worth knowledge,sesuai kursus semua sub memberikan pengetahuan yang layak
0,i dont know,aku tidak tahu
1,regarding the courses everything is good,mengenai kursus semuanya bagus
1,coming to the courses these are very well planned... and it all depends on the lectures.,datang ke kursus ini direncanakan dengan sangat baik  dan semuanya tergantung pada kuliah
1,up to the mark,sampai ke sasaran
0,content of course is ample but depth must be more,konten tentu saja cukup tetapi kedalaman harus lebih
0,COURSE IS GOOD NO PROPER COURSE MATERIAL,kursus baik tidak ada materi kursus yang tepat
-1,Content of the courses should be changed a bit. More of industry oriented feature like Linux and GitHub must be implemented. Proper detailing and advanced knowledge is required and is to be instilled in the students.The course material is good.,konten kursus harus sedikit diubah lebih banyak fitur berorientasi industri seperti linux dan github harus diimplementasikan detail yang tepat dan pengetahuan lanjutan diperlukan dan harus ditanamkan pada siswa materi kursus bagus
1,"good it was knowledgeable,depth of the course is good,there is but proper course materials in only for some subjects",bagus itu berpengetahuan kedalaman kursus itu bagus hanya ada bahan kursus yang tepat hanya untuk beberapa subjek
1,very good and you can also increase the standard of Courses,sangat bagus dan anda juga dapat meningkatkan standar kursus
1,The courses available in the university have got a scope and the teaching of these courses goes on with the point of view of bringing out the best from the student by indulging them in different activities and projects.,kursus yang tersedia di universitas memiliki ruang lingkup dan pengajaran kursus ini berlangsung dengan sudut pandang mengeluarkan yang terbaik dari siswa dengan memanjakan mereka dalam berbagai kegiatan dan proyek
1,content of course is more than enough to get the basics of that particular subject.,konten tentu saja lebih dari cukup untuk mendapatkan dasar dasar subjek tertentu
0,courses are also good .but lt of subjects in cse departments at 1st year it feels like burden upon us,kursus juga bagus tapi subjek di departemen cse pada tahun pertama rasanya seperti beban bagi kami
1,my rating in this is 4/5,peringkat saya dalam hal ini adalah 45
0,"good,they work very hard for us",bagus mereka bekerja sangat keras untuk kita
-1,syllabus is more which required time ..it should b less so that student can proper concentrate getting the knowlegde instead of just covering the syllabusgood,silabus yang terlalu banyak membutuhkan waktu yang banyak sebaiknya jumlah silabus dikurangi agar para siswa dapat fokus sepenuhnya pada pemahaman materi daripada hanya menyelesaikan silabus
-1,when compared to other universities we need better material and exposure.,jika dibandingkan dengan universitas lain kita membutuhkan materi dan paparan yang lebih baik
-1,the content of the course should be increased with the depth.,isi kursus harus ditingkatkan dengan kedalaman
1,content provided by you is excellent so that we learnt more and more about that particular subject,konten yang disediakan oleh anda sangat baik sehingga kami belajar lebih banyak tentang subjek tertentu
1,content of course is appropriate,konten tentu saja sesuai
-1,The content of course should be increase with depth,konten tentu saja harus meningkat dengan kedalaman
-1,In my opinion very less content is their in our syllabus..it will be good if there is more syllabus and depth included in our syllabus,menurut pendapat saya sangat kurang konten adalah mereka dalam silabus kamitidak akan lebih baik jika ada lebih banyak silabus dan kedalaman yang termasuk dalam silabus kami
-1,some of the faculty are not uploading ppts,beberapa fakultas tidak mengunggah ppt
1,it is good learning these courses,itu bagus belajar kursus kursus ini
-1,its very tough and very diffcult to understand,sangat sulit dan sangat sulit untuk dipahami
0,yeah! well some of the faculty are not teaching well but the schedule of the university are superb ... and university asked feedback from us .that is really helpful,ya baik beberapa fakultas tidak mengajar dengan baik tetapi jadwal universitas luar biasa  dan universitas meminta umpan balik dari kami itu sangat membantu
0,The content of the courses are good but depth of courses are not enough to get the good concepts.,isi kursus bagus tetapi kedalaman kursus tidak cukup untuk mendapatkan konsep yang baik
1,content is sufficient for us,konten sudah cukup bagi kami
0,"Content of courses are good, these are very knowledgeable, depth of course is also there but sometimes proper course material is not there.",konten kursus bagus ini sangat berpengetahuan kedalaman tentu saja juga ada tetapi kadang kadang materi kursus yang tepat tidak ada
1,"I like communication classes,courses are good",saya suka kelas komunikasi kursus bagus
1,they are giving good knowledge for us,mereka memberikan pengetahuan yang baik untuk kita
1,"Knowledgeable is Good, Depth of course is satisfying, proper course material is also good",berpengetahuan luas kedalaman tentu saja memuaskan materi kursus yang tepat juga bagus
1,every thing is good subjects have a very good depth almost all the books are available in the library and more than that 4/5,setiap hal adalah subjek yang baik memiliki kedalaman yang sangat baik hampir semua buku tersedia di perpustakaan dan lebih dari itu 45
1,Its nice .,itu bagus
1,"The material provided in this university is depth of course, The courses in this university is knowledgeable",materi yang disediakan di universitas ini tentu saja kursus di universitas ini berpengetahuan luas
1,The depth of course is very much deep. According to me its very essential,kedalaman tentu saja sangat dalam menurut saya itu sangat penting
0,Some subjects are good and predictable.Remaining courses are not satisfactory,beberapa subjek bagus dan dapat diprediksi kursus yang tidak memuaskan
0,depth of course was good ....providing a basic knowledge not so deep in subjects....at least they should provide deep knowledge and syllabus in core subjects...,kedalaman tentu saja bagus  memberikan pengetahuan dasar yang tidak begitu dalam dalam subjek  setidaknya mereka harus memberikan pengetahuan dan silabus yang mendalam pada subjek inti 
1,I like this very much because every subject is linked up with real life situations and every thing in the subject is use full,saya sangat menyukai ini karena setiap subjek dihubungkan dengan situasi kehidupan nyata dan setiap hal dalam subjek digunakan penuh
0,"depth of the course are depended on the level of student intake, course material is delivered after the class in UMS",kedalaman kursus tergantung pada tingkat asupan siswa materi kursus disampaikan setelah kelas di ums
1,Pretty Good,cukup bagus
-1,not good enough.. we want something more.,tidak cukup baik  kami menginginkan sesuatu yang lebih
-1,LESS TIME FOR STUDY ...LESS TIME FOR PAPER ATTEMTING...LESS TIME FOR EVERY THING ....LESS KNOWLEGE.....LESS DEPTH OF COURSE .....BUT PROPER COURSE MATERIAL ACCORDING TO EXAM,lebih sedikit waktu untuk belajar  lebih sedikit waktu untuk melihat kertas  lebih sedikit waktu untuk setiap hal  lebih sedikit pengetahuan  tentu saja kurang kedalaman  tapi materi kursus yang tepat menurut ujian
0,knowledge is maximum gained by reading books also the teachers explain depth if we are interested to know about it.,pengetahuan diperoleh maksimal dengan membaca buku juga para guru menjelaskan kedalaman jika kita tertarik untuk mengetahuinya
-1,HAVE TO IMPROVE,perlu melakukan perbaikan
0,every one can tell depth of course but some one only give notes,setiap orang dapat mengetahui kedalaman tentu saja tetapi seseorang hanya memberikan catatan
1,we are getting maximum knowledge,kami mendapatkan pengetahuan maksimal
1,Knowledge is maximum gained by reading books and also teachers explain the concept in depth.,pengetahuan diperoleh maksimal dengan membaca buku dan juga guru menjelaskan konsep secara mendalam
0,Its fine but it should focus more towards practical knowledge rather than content based. It would be helpful for us.,ini bagus tetapi harus lebih fokus pada pengetahuan praktis daripada berbasis konten akan sangat membantu bagi kami
1,examination pattern is good,pola pemeriksaan bagus
1,"Exam pattern is up to the mark and the Cgpa depends on the various marks distributions like ca, mte etc which is very nice as compare to other institutions. Paper checking does not depend on length of ques but on the material which is the best part of it.",pola ujian sudah memenuhi standar dan cgpa bergantung pada distribusi nilai yang beragam seperti ca mte dll yang sangat bagus dibandingkan dengan institusi lainnya penilaian kertas ujian tidak tergantung pada panjang pertanyaan tetapi pada materi yang dijawab yang merupakan bagian terbaiknya
-1,Again the university tests students of their ability to memorize stuff. Questions should emphasize more on concepts rather than testing brain's cramming storage house.,sekali lagi universitas menguji siswa dari kemampuan mereka untuk menghafal barang pertanyaan harus lebih menekankan pada konsep daripada menguji rumah penyimpanan yang menjejalkan otak
1,I like the question pattern,saya suka pola pertanyaan
1,"This university is far better than other university when coming to the exam pattern,marks disturbation and while coming to paper checking no biased corrections equal to all.",universitas ini jauh lebih baik daripada universitas lain ketika datang ke pola ujian menandai gangguan dan saat datang ke kertas memeriksa tidak ada koreksi bias yang sama dengan semua
1,Great,besar
1,exam pattern is good and good paper checking.,pola ujian bagus dan pemeriksaan kertas yang bagus
0,Pattern and procedure of the examination is very good. Paper checking needed to be improved.,pola dan prosedur pemeriksaan sangat bagus pemeriksaan kertas perlu ditingkatkan
1,Good marks distribution Students can easily check there performance throught the semester,distribusi nilai bagus siswa dapat dengan mudah memeriksa kinerja mereka sepanjang semester
0,"Exam pattern and how it is conducted is really seems to be good but it's my first year and when I went to scrutiny for the first time it was not as per my expectations. Teachers have marked the answers as per their choice, they must look for the content rather than the length of answers. So poor paper checking is there.",pola ujian dan bagaimana hal itu dilakukan tampaknya benar benar bagus tetapi ini adalah tahun pertama saya dan ketika saya pergi untuk memeriksa untuk pertama kalinya tidak sesuai harapan saya guru telah menandai jawaban sesuai pilihan mereka mereka harus mencari konten daripada lamanya jawaban pemeriksaan kertas yang buruk ada di sana
1,Descent.,turun
1,exam pattern and marks distribution is very well procedure,pola ujian dan distribusi nilai adalah prosedur yang sangat baik
1,It is statisfactory.,itu memuaskan
-1,"Not that much good 
 Students are working so hard
 But they aren't getting satisfactory result","tidak terlalu bagus
 siswa bekerja sangat keras
 tapi mereka tidak mendapatkan hasil yang memuaskan"
0,All are good except paper checking. It should be improved,semuanya bagus kecuali pemeriksaan kertas itu harus ditingkatkan
1,Overall all these things are the plus point of the university,secara keseluruhan semua hal ini adalah titik plus dari universitas
0,Examination pattern is good but marks distribution very confusing,pola pemeriksaan bagus tetapi menandai distribusi sangat membingungkan
1,"Exam pattern is good, marks distribution is also good but paper checking is very tight.",pola ujiannya bagus distribusi nilai juga bagus tapi pemeriksaan kertas sangat ketat
0,it is neither too good nor too bad,itu tidak terlalu bagus atau terlalu buruk
1,"examination pattern, marks, paper checking is good.",pola ujian nilai dan penilaian kertas ujian sangat baik
-1,"too many examinations, we are frustrated",terlalu banyak ujian kami frustrasi
0,too much examinations,terlalu banyak ujian
1,examination including exam pattern is good in some ways.MCQs shouls given to students for the preparation of exams.,ujian termasuk pola ujian baik dalam beberapa cara mcqs harus diberikan kepada siswa untuk persiapan ujian
-1,the level of examination should be raised. Questions with reasoning must be included,tingkat pemeriksaan harus dinaikkan pertanyaan dengan alasan harus dimasukkan
1,fair marking scheme and adaptable pattern,skema penandaan yang adil dan pola yang mudah beradaptasi
0,pattern of examination is good but paper checking is not at all going in a good way.,pola pemeriksaan bagus tetapi pengecekan kertas sama sekali tidak berjalan dengan cara yang baik
-1,there should not be negative marking,tidak seharusnya ada penilaian negatif
1,All is good .,semua baik 
1,"I like it , i am satisfied all these work",saya menyukainya saya puas semua pekerjaan ini
1,quite good,lumayan bagus
-1,very poor,sangat buruk
1,exam pattern is good and good paper checking but paper checking can be improved,pola ujian bagus dan pemeriksaan kertas yang bagus tetapi pengecekan kertas dapat ditingkatkan
1,"exam pattern is good, very well marks distribution and paper checking varies from faculty to faculty.",pola ujian baik sangat baik menandai distribusi dan pemeriksaan kertas bervariasi dari fakultas ke fakultas
1,all excellent,semua sangat baik
0,marks distribution is good but paper checking is not that well,distribusi nilai bagus tetapi pemeriksaan kertas tidak begitu bagus
-1,Very Tough,"sangat sulit
"
-1,bad,buruk
0,Examination pattern is good but mcq paper checking marks are not correct sometimes.,pola ujian yang baik tetapi penilaian kertas soal pilihan ganda mcq kadangkadang tidak akurat dalam memberikan nilai
-1,very strict,sangat ketat
1,It is a good way in pattern,ini adalah cara yang baik dalam pola
-1,as per the exam pattern maths exam always have to be subjective rather than objective.,sesuai ujian matematika pola ujian selalu harus subyektif daripada objektif
-1,its very bad thing not sowing answer of mcQ in exam we dont jiged what is right and wrong where make mistake,"hal ini sangat buruk ketika jawaban mcq tidak ditampilkan dalam ujian kita tidak tahu apa yang benar dan salah serta di mana kesalahan terjadi
"
1,coming to the examinations it is good,datang ke ujian itu bagus
0,In CA's its in the hands of lectures... while in mte's and ete's its good.,dalam penilaian berkelanjutan ca keputusan ada di tangan dosen sedangkan dalam mte ujian tengah semester dan ete ujian akhir semester hal tersebut bagus
0,i think mid term should be also subjective,menurut saya ujian tengah semester seharusnya juga bersifat subjektif
1,exam pattern and marks distribution are good,pola ujian dan distribusi nilai bagus
1,Examination pattern and marks distribution all the terms are good.Ca and MTE also give the chance to students for improving.,pola ujian dan menandai distribusi semua istilahnya bagus
0,in examinations please try to give question papers,dalam ujian coba berikan makalah pertanyaan
1,GOOD AND STRICT,bagus dan ketat
-1,not much good,tidak banyak bagus
0,exams conducting is very good .but paper correction is very bad,"pelaksanaan ujian sangat bagus tapi koreksi kertas sangat buruk
"
0,The examination pattern is good. More of logic based and subjective questions to be asked which is based upon conceptual learning. Paper checking must be done in a more lucid manner because many doubts arise with the checking of OMR sheet.,pola pemeriksaannya bagus lebih banyak pertanyaan berbasis logika dan subyektif yang harus ditanyakan yang didasarkan pada pembelajaran konseptual pemeriksaan kertas harus dilakukan dengan cara yang lebih jernih karena banyak keraguan muncul dengan pemeriksaan lembar omr
1,all these are good,semua ini bagus
1,the best pattern of examination are in lpu .,pola pemeriksaan terbaik adalah di lpu
0,mid term percentage should be increased so that students get more choice to get success in the examinations,persentase jangka menengah harus ditingkatkan sehingga siswa mendapatkan lebih banyak pilihan untuk mendapatkan kesuksesan dalam ujian
1,The examination system of the university is very impressive.The sitting plan of he students is made in such a way that no 2 students of same class give the exam in same room or even sometimes same blocks.Through this students also get to know and visit different blocks of the university.The checking is also fair .,sistem ujian universitas sangat mengesankan rencana duduk siswa dia dibuat sedemikian rupa sehingga tidak ada 2 siswa dari kelas yang sama memberikan ujian di kamar yang sama atau bahkan kadang kadang blok yang sama melalui siswa ini juga mengenal dan mengunjungi berbagai blok universitas pemeriksaan juga adil
1,Everything is pretty well organised,semuanya cukup terorganisir
1,very good 5/5,sangat bagus 55
-1,for some subjects like maths and english(passage writing) the time duration needs to increase,untuk beberapa mata pelajaran seperti matematika dan bahasa inggris penulisan bagian durasi waktu perlu meningkat
0,"Pattern is good ...marks distribution that includes ca,mt,et ,nd attendence all that is little complicated",pola itu bagus  menandai distribusi yang mencakup ca mt et dan kehadiran semua yang sedikit rumit
1,Probably the best part of university is its examination and its pattern.,mungkin bagian terbaik dari universitas adalah ujian dan polanya
1,"I have never seen this type of examination,,,,,,,very GOOD pattern",saya belum pernah melihat jenis pemeriksaan ini  pola yang sangat bagus
-1,"examination checking sucks here , don't know why I get low marks even if 4 qustions are wrong . answer key of exam is absurd, discrepancy system is not advantageous, answers of exam not right, omr should be uploaded",pemeriksaan ujian di sini sangat buruk tidak tahu mengapa saya mendapatkan nilai rendah meskipun hanya ada 4 pertanyaan yang salah kunci jawaban ujian sangat tidak masuk akal sistem perbedaan tidak menguntungkan jawaban ujian tidak benar dan lembar omr harus diunggah
1,It is best,yang terbaik
-1,"examination pattern is good but, there is blunder mistake.that is we ha no alternate to check the mistake where we have done morever no question papers also not given for discussion.so i suggest to..provide option for checking mistakes in the MCQ exams such as midterm.",pola ujian itu bagus tetapi terdapat kesalahan yang sangat fatal kami tidak memiliki alternatif untuk memeriksa kesalahan yang telah kami lakukan juga tidak diberikan soal ujian untuk dibahas oleh karena itu saya menyarankan untuk memberikan opsi untuk memeriksa kesalahan dalam ujian pilihan ganda seperti ujian tengah semester
-1,time not sufficient,waktu tidak cukup
1,exam pattern is good,pola ujian bagus
0,every thing is excellent but paper checking is not good,semuanya luar biasa tetapi pengecekan kertas tidak bagus
-1,We don't get answers key and even the question papers for our mcq exams.There should be some means by which we could recheck our answers and get to know what mistakes we have made.,kami tidak mendapatkan kunci jawaban dan bahkan kertas pertanyaan untuk ujian mcq kami seharusnya ada beberapa cara yang dengannya kami dapat memeriksa kembali jawaban kami dan mengetahui kesalahan apa yang telah kami buat
0,exam pattern is very nice but paper checking is not at all good .,pola ujian sangat bagus tetapi pengecekan kertas sama sekali tidak bagus
0,Exam pattern and marks distribution are excellent but sometimes there are some errors in paper checking.,pola ujian dan distribusi nilai sangat baik tetapi terkadang ada beberapa kesalahan dalam memeriksa kertas
0,exam pattern is very good but if you give question papers to students it is helpful,pola ujian sangat bagus tetapi jika anda memberikan makalah pertanyaan kepada siswa itu sangat membantu
1,"Exam pattern Very good, Marks distribution good but sometimes disappointing, paper checking OK",pola ujian sangat bagus menandai distribusi bagus tapi terkadang mengecewakan memeriksa kertas ok
1,yeah its obviously good,ya itu jelas bagus
1,exam pattern is completely different the entire exams are objective oriented resumbling the education in abroad my review is 5/5,pola ujian sangat berbeda seluruh ujian adalah orientasi objektif yang berorientasi pada pendidikan di luar negeri ulasan saya adalah 55
1,everything was good.,semuanya baik baik saja
0,excellent but checking procedure is not exceptable since we fail to know our faults in mid term..,prosedur yang sangat baik tetapi pemeriksaan tidak terkecuali karena kami gagal mengetahui kesalahan kami di tengah semester 
1,"Excellent exam pattern, paper checking in this university is easy",pola ujian yang sangat baik pengecekan kertas di universitas ini mudah
0,I don't like the -ve marking system. apart from that everything is great,saya tidak suka sistem penandaan terlepas dari itu semuanya bagus
-1,"Returning the question paper after the exams to be expected,because to clear and clarify the doubts regarding particular subjects",mengembalikan kertas pertanyaan setelah ujian diharapkan karena untuk membersihkan dan mengklarifikasi keraguan tentang subjek tertentu
1,examination pattern was excellent,pola pemeriksaan sangat baik
1,"Exams are conducted upon the the basis of the revised chapters upto that point, marks distribution is appropriate, paper checking is good",ujian dilakukan atas dasar bab yang direvisi hingga saat itu menandai distribusi sesuai pengecekan kertas itu bagus
0,very hard papers and main concept papers,makalah yang sangat keras dan makalah konsep utama
-1,strict paper correction.,koreksi kertas yang ketat
0,super but paper checking is not good,super tapi pengecekan kertas tidak bagus
1,NICE TIMING..,waktu yang tepat 
0,That's good to have a negative marking pattern in exam but the time is not sufficient to do all the questions.,itu bagus untuk memiliki pola penandaan negatif dalam ujian tetapi waktunya tidak cukup untuk melakukan semua pertanyaan
1,EXAMPATTERN IS GOOD AND MARKS DISTRIBUTION IS ALSO GOOD AND PAPER CHECKING IS VERY HARD,exampattern bagus dan menandai distribusi juga bagus dan pengecekan kertas sangat sulit
1,exam pattern is good and marks distribution is also good but paper checking is too hard,pola ujian bagus dan menandai distribusi juga bagus tetapi pengecekan kertas terlalu sulit
0,The examination pattern is good .But time is not sufficient for those questions.,pola pemeriksaan baik tapi waktu tidak cukup untuk pertanyaan pertanyaan itu
1,MCQ pattern is quite good and efficient way for evolving students.,pola mcq adalah cara yang cukup baik dan efisien untuk mengembangkan siswa
0,PAPER CHECKING IS VERY HARD REMAINING IS GOOD,pemeriksaan kertas sangat sulit tersisa
-1,"not satisfactory, lab work must include latest technologies",tidak memuaskan pekerjaan lab harus mencakup teknologi terbaru
1,Lab work is properly covered in the labs by the faculty and evaluations help to learn more practical knowledge in depth.,pekerjaan laboratorium dibahas dengan baik di laboratorium oleh fakultas dan evaluasi membantu mempelajari pengetahuan yang lebih praktis secara mendalam
1,practical work provides detail knowledge of theoretical work,pekerjaan praktis memberikan detail pengetahuan tentang pekerjaan teoretis
1,Everything is going fine in lab . learning new things. That is good for us,semuanya baik baik saja di lab mempelajari hal hal baru itu bagus untuk kita
-1,Lab and practical are not upto the mark. The topic which are practiced are almost already done in Btech.,praktikum dan kegiatan praktis tidak mencapai standar yang diharapkan topik yang dipraktikkan sebagian besar telah dibahas dalam program btech sebelumnya
-1,Not up to the mark,tidak mencapai standar yang diharapkan
-1,lab improves practical knowledge,lab meningkatkan pengetahuan praktis
0,Sometimes systems at labs are screwed up .Otherwise everything is at their respected desk.,terkadang sistem di laboratorium kacau selain itu semuanya ada di meja yang dihormati
1,Practical work is fair,pekerjaan praktis itu adil
1,Practical and easy learning,pembelajaran praktis dan mudah
-1,"The evaluation is again bad for our CA, as one of our faculty is really weird. He gives us remarks on the basis of how we present things in front of it, he never look for the content of our answer, which is really annoying. As he expects us to deliver answer in the way he wants us to do. But how can a person do that, as people do have different mentality and they do explain themselves in different manner, so a teacher must understand that quality of a child and should give him marks on the basis of what they say not what they should say.",evaluasi ini sekali lagi buruk untuk mata pelajaran ca kami karena salah satu dosen kami benarbenar aneh dia memberikan catatan kepada kami berdasarkan bagaimana kami menyajikan halhal di depannya dia tidak pernah melihat konten jawaban kami yang sangat menjengkelkan dia mengharapkan kami memberikan jawaban sesuai dengan apa yang dia inginkan namun bagaimana seseorang dapat melakukannya karena orang memiliki mentalitas yang berbeda dan mereka menjelaskan diri mereka dengan cara yang berbeda seorang guru seharusnya memahami kualitas seorang murid dan memberikan nilai berdasarkan apa yang mereka katakan bukan apa yang seharusnya mereka katakan
1,well and good infrastructure and have trending software in lab,nah dan infrastruktur yang baik dan memiliki perangkat lunak yang sedang tren di lab
-1,3 hours practical is so long. It should be of 2 hours only,3 jam praktis sangat panjang itu harus dari 2 jam saja
1,ok ok,ok ok
-1,practicle must be of 2 hours,praktik harus 2 jam
1,"It's good 
 Also depends on teacher's knowledge and student's interest","ini baik
 juga tergantung pada pengetahuan guru dan minat siswa"
-1,Too much lab file work,terlalu banyak pekerjaan file lab
0,Evaluation method is good.But the content is more to write in file,metode evaluasi bagus tapi kontennya lebih banyak untuk ditulis dalam file
0,I think electrotherapy practical should be of 2 hours.That's enough I think. Rest is fine.,saya pikir elektroterapi praktis harus 2 jam itu cukup saya pikir istirahat baik baik saja
-1,lab duration of 3 hours is very long .,durasi lab 3 jam sangat panjang
1,lab evaluations are pretty good .they help us a lot.,evaluasi lab cukup baik mereka sangat membantu kami
1,having good material in labs.,memiliki materi yang bagus di laboratorium
1,too much good,terlalu banyak bagus
-1,it is difficult to understand experiment in 1 hour,sulit untuk memahami eksperimen dalam 1 jam
1,lab work is also good,pekerjaan lab juga bagus
1,lab work is quite good,pekerjaan lab cukup baik
0,lab activities are good but not satisfactory in explaining point of view.,kegiatan laboratorium baik tetapi tidak memuaskan dalam menjelaskan sudut pandang
1,helps in improving skills,membantu dalam meningkatkan keterampilan
1,lab work is nice.,pekerjaan lab itu bagus
1,practical work including evaluations are good so that students can learn about practicals.,pekerjaan praktis termasuk evaluasi baik sehingga siswa dapat belajar tentang praktis
1,laboratory provides us a good knowledge about practicals.,laboratorium memberi kita pengetahuan yang baik tentang praktis
-1,practical work insome labs are not upto the marks,kerja praktek di beberapa laboratorium tidak sesuai standar
0,labs are good but experiments are not very informative,laboratorium bagus tetapi eksperimen tidak terlalu informatif
-1,the labs are not practically built,laboratorium tidak dibangun secara praktis
1,practical work is good,pekerjaan praktis itu bagus
1,super,super
1,This is the best in our university because there is no other university which takes seriously for practical work.,ini adalah yang terbaik di universitas kami karena tidak ada universitas lain yang membutuhkan pekerjaan praktis
-1,"some time lab is not proper working , some teacher's practical knowledge is less on the other side evaluations is not that much good",beberapa waktu lab tidak tepat bekerja pengetahuan praktis beberapa guru kurang di sisi lain evaluasi tidak terlalu bagus
-1,very poor.no equipments are there,sangat buruk tidak ada peralatan
-1,lab practicals and evaluations are below average and need lot of changes and improvements,praktik laboratorium dan evaluasi di bawah rata rata dan membutuhkan banyak perubahan dan perbaikan
-1,lab practical work can further be improved so that it can meet industrial standards,pekerjaan praktis laboratorium selanjutnya dapat ditingkatkan sehingga dapat memenuhi standar industri
1,excellent work,kerja bagus
-1,its hard to find a computer working in lab. Students cannot save data in one single PC,sulit menemukan komputer yang bekerja di lab siswa tidak dapat menyimpan data dalam satu pc tunggal
-1,"Not good, becouse in lab teachers do not teach us how to work on live projects or how to make a live project. So i have ovserved that whatever teachers have been teachig us in lab that will not usefull in our future life.",tidak baik karena guru laboratorium tidak mengajari kami cara mengerjakan proyek langsung atau cara membuat proyek langsung jadi saya telah melayani bahwa guru apa pun telah mengajar kami di lab yang tidak akan berguna dalam kehidupan kita di masa depan
-1,not good..the timing is too much for labs and syllabus is also so vast.we don't get proper revision,tidak baguskhakimnya terlalu banyak untuk laboratorium dan silabus juga sangat luas kami tidak mendapatkan revisi yang memadai
-1,i hate it,saya membencinya
-1,Practical work is in interesting but different teachers evaluate in their own way. Some of the teachers in some section give marks without taking viva and some does not give marks accordingly,pekerjaan praktis menarik tetapi guru yang berbeda mengevaluasi dengan caranya sendiri guru di beberapa bagian ada yang memberi nilai tanpa mengambil ujian lisan dan ada yang tidak memberi nilai sesuai
1,as per the lab evaluation we r satisfied with it,sesuai evaluasi laboratorium kami puas dengan itu
1,lab and practical work are litial good,lab dan pekerjaan praktis adalah hal yang baik
-1,not very good... must be improved.,tidak terlalu bagus  harus ditingkatkan
1,With the help of practicals students are able to understand all the concept.so it is also good.,dengan bantuan praktik siswa dapat memahami semua konsepnya jadi itu juga bagus
1,LAB IS VERY GOOD,lab sangat bagus
-1,not good...... must be improve,tidak bagus  harus ditingkatkan
1,Lab evaluations are good.,evaluasi laboratorium bagus
0,it was good but it can be improved,itu bagus tapi bisa ditingkatkan
-1,most of the teacher don't even bother about the practical performed by students.They give marks just by seeing face or something like that.,sebagian besar guru bahkan tidak peduli tentang praktik yang dilakukan oleh para siswa mereka memberikan nilai hanya dengan melihat wajah atau halhal semacam itu
-1,good but marks are not given properly,bagus tapi nilai tidak diberikan dengan benar
0,practicals are good but evaluations are not because they don't give enough time to work,praktis bagus tetapi evaluasi bukan karena mereka tidak memberikan cukup waktu untuk bekerja
1,They are conducted in proper way.,mereka dilakukan dengan cara yang tepat
0,Teachers are supposed to let the students know the actual use of the instruments used in the lab.,guru seharusnya memberi tahu para siswa tentang penggunaan instrumen yang digunakan di lab
1,excellent ...they work hard..their way of teaching is also pretty good,luar biasa  mereka bekerja keras  cara mengajar mereka juga cukup bagus
0,average 3.5/5,rata rata 355
0,"In labs,the lecturers has to interact with each student to improve their knowledge, in all the ways,before giving us the work they must explain about the experiment once so that we will come to know how to perform n take precautions while doing,........",di laboratorium para dosen harus berinteraksi dengan setiap siswa untuk meningkatkan pengetahuan mereka dalam segala hal sebelum memberi kita pekerjaan yang harus mereka jelaskan tentang percobaan sekali sehingga kita akan mengetahui bagaimana melakukan dan mengambil tindakan pencegahan saat melakukan 
1,its fine.,tidak apaapa
-1,More number of lab/practicals should be there to enhance practical knowledge.,lebih banyak jumlah labpraktis harus ada untuk meningkatkan pengetahuan praktis
1,Here we r able to do every thing by our own with u r valuable support,di sini kita dapat melakukan semuanya dengan dukungan kita sendiri
-1,There are no sufficient lab equipments in the labs and the avilable equipments are also not perfect.,tidak ada peralatan lab yang cukup di laboratorium dan peralatan yang dapat diselesaikan juga tidak sempurna
0,it is good leaning in lab but the lab instruments are not properly working,itu baik bersandar di lab tetapi instrumen lab tidak berfungsi dengan baik
1,labs are very interesting it is helpful to know the knowledge,lab sangat menarik sangat membantu mengetahui pengetahuannya
-1,According to me students are doing lab only for marks.,menurut saya siswa melakukan lab hanya untuk nilai
1,lab practical work help us to learn the things properly and evalution is also very necessary as it helps us to retain concepts,pekerjaan praktis lab membantu kita mempelajari hal hal dengan benar dan evaluasi juga sangat diperlukan karena membantu kita mempertahankan konsep
1,Lab or practical work is excellent and yes including evaluations also.,lab atau pekerjaan praktis sangat baik dan ya termasuk evaluasi juga
1,lab is very much helpful,lab sangat membantu
-1,in lab also they are showing partiality,di lab juga mereka menunjukkan keberpihakan
-1,Lab evaluations are very strict,evaluasi lab sangat ketat
-1,the lab evaluations are very strict,evaluasi laboratorium sangat ketat
1,labs n practicals are good.,laboratorium dan praktis itu bagus
1,practicals are pretty well.,praktis cukup baik
1,There is good evaluations in lab regarding practicle,ada evaluasi yang baik di lab tentang praktik
0,lab and practical works are good..with a little draw back of faculty in connecting the lab practical to the outside world..,lab dan karya karya praktis itu bagusdengan sedikit menarik fakultas dalam menghubungkan lab praktis ke dunia luar 
1,I like it soo much,saya sangat menyukainya
1,Lab is good the Prof explains everything before the lab begins and the Lab Asst helps us during the experiments,lab adalah baik prof menjelaskan segalanya sebelum laboratorium dimulai dan lab asst membantu kita selama percobaan
-1,very strictly they evaluted marks,mereka mengevaluasi nilai dengan sangat ketat
1,nice..enough,bagusselesaikan
1,labs are interesting and helpful to know the knowledge,laboratorium menarik dan bermanfaat untuk mengetahui pengetahuannya
1,Labs helps to know how the work is done.It thought me a good lessons.,lab membantu mengetahui bagaimana pekerjaan dilakukan ini mengira saya pelajaran yang baik
1,all labs and practical going on well,semua laboratorium dan praktis berjalan dengan baik
1,Labs are upto the mark.,laboratorium hingga sasaran
-1,Our labs do not have all facalities.,laboratorium kami tidak memiliki semua fasilitas
1,ALL PRACTICAL WORK IS GOOD,semua pekerjaan praktis itu bagus
0,library facilities are good but number of books are less,fasilitas perpustakaan bagus tetapi jumlah buku lebih sedikit
1,Library facilities are excellent in terms of good techniques that are used over there.,fasilitas perpustakaan sangat baik dalam hal teknik bagus yang digunakan di sana
0,"Its the best thing i have seen in this university,albeit the behaviour of library staff is unprofessional at times. They are whimsically rude.",ini hal terbaik yang pernah saya lihat di universitas ini meskipun perilaku staf perpustakaan kadang kadang tidak profesional mereka secara aneh kasar
1,library has huge collection of books from different authors,perpustakaan memiliki banyak koleksi buku dari penulis yang berbeda
1,Hardworking,kerja keras
0,I am satisfied with the facilities but few books are limited of database distribution,saya puas dengan fasilitas tetapi beberapa buku terbatas dari distribusi basis data
-1,Its required some libral in rules,diperlukan beberapa kelonggaran dalam aturan perpustakaan
-1,Its required some libral in rules,"diperlukan beberapa kelonggaran dalam aturan perpustakaan
"
1,good library facilities,fasilitas perpustakaan yang bagus
1,Library facilities are very good. No issues,fasilitas perpustakaan sangat bagus tidak ada masalah
0,Again some of the faculties don't know how to behave otherwise it is good.,sekali lagi beberapa fakultas tidak tahu bagaimana berperilaku sebaliknya itu bagus
1,library is very well managed and provide needed facilities to us,perpustakaan dikelola dengan sangat baik dan menyediakan fasilitas yang dibutuhkan untuk kami
-1,Its required some libral in rules,itu membutuhkan beberapa pustaka dalam aturan
1,They are doing there job well,mereka melakukan pekerjaan di sana dengan baik
-1,"Well... all the books are not avilable . If they are in library , books are in less number and strength of student are large.",yah  semua buku tidak tersedia jika mereka berada di perpustakaan buku buku dalam jumlah yang lebih sedikit dan kekuatan siswa besar
-1,all books are not available,semua buku tidak tersedia
-1,the system in library usually does not work . so it creates a problem for us to issue the book,sistem di perpustakaan biasanya tidak berfungsi jadi itu menciptakan masalah bagi kita untuk mengeluarkan buku
-1,Sometimes only book is available for some subjects and it is reserved,terkadang hanya satu buku yang tersedia untuk beberapa mata pelajaran dan buku tersebut telah dipesan
1,Its very helpful,itu sangat membantu
1,"Awesome, peaceful, relaxing atmosphere",suasana yang luar biasa damai dan santai
-1,I think number of books are very less according to the students .Only 2-3 copies are available.,saya pikir jumlah buku sangat kurang menurut siswa hanya 23 salinan yang tersedia
-1,I think stock is not enough more books are required.,saya pikir stok tidak cukup banyak buku yang diperlukan
1,very cooperative,sangat kooperatif
1,library facilities provided are excellent,fasilitas perpustakaan yang disediakan sangat bagus
1,good facilities,fasilitas yang bagus
-1,some books are not available. So please provide,"beberapa buku tidak tersedia jadi harap sediakan
"
1,there are doing there job good,ada pekerjaan di sana dengan baik
1,all are hardworking and punctual,semuanya pekerja keras dan tepat waktu
1,library is awesome and rich,perpustakaan itu luar biasa dan kaya
1,they are good,mereka bagus
1,library facility is good,fasilitas perpustakaan bagus
1,library facilities are good for students.,fasilitas perpustakaan baik untuk siswa
1,very good library facilities. Issuing time of book must be increased,fasilitas perpustakaan yang sangat bagus mengeluarkan waktu buku harus ditingkatkan
-1,more books should be provided and the issue period should be increased,lebih banyak buku harus disediakan dan periode masalah harus ditingkatkan
0,never went there,tidak pernah pergi ke sana
-1,book issuing time should be increased for 2 weeks,waktu penerbitan buku harus ditingkatkan selama 2 minggu
0,Really our library provides very good facilities for students and teachers but fine system was not good it was directly increased upto 10.This is not a good thing.,sungguh perpustakaan kami menyediakan fasilitas yang sangat baik untuk siswa dan guru tetapi sistem yang baik tidak baik itu secara langsung meningkat hingga 10 ini bukan hal yang baik
1,Its good and proper design,desainnya bagus dan tepat
1,library contains all the books regarding courses and other materials and very cooperative library staff,perpustakaan berisi semua buku mengenai kursus dan materi lainnya dan staf perpustakaan yang sangat kooperatif
1,all the books are easily available and accessable and the limit of book issued need to be increased,semua buku mudah tersedia dan dapat diakses dan batas buku yang dikeluarkan perlu ditingkatkan
1,library facilities are good . Every book is available in the library,fasilitas perpustakaan bagus setiap buku tersedia di perpustakaan
-1,"as per libraries, few books are not available and in computer library there are hardly 5 PCs working",sesuai perpustakaan beberapa buku tidak tersedia dan di perpustakaan komputer hampir tidak ada 5 pc yang berfungsi
-1,books are less,buku lebih sedikit
1,i love it,aku menyukainya
-1,i think library facilities are only for hostelers,saya pikir fasilitas perpustakaan hanya untuk asrama
-1,Capacity of library is less compared to size of university.,kapasitas perpustakaan kurang dibandingkan dengan ukuran universitas
1,library has providing excellent facilities,perpustakaan telah menyediakan fasilitas yang sangat baik
1,It will provide us various books to increase our knowledge or to understand the concept because it is good,ini akan memberi kita berbagai buku untuk meningkatkan pengetahuan kita atau memahami konsepnya karena itu bagus
-1,duration of issuing books from library should be changed from 1week to 2 week that would be great.,durasi mengeluarkan buku dari perpustakaan harus diubah dari 1 minggu menjadi 2 minggu yang akan menjadi hebat
-1,absolutely fine all books are there but the thing is that the time limit is very less we have to return the book that we have issued very fast,benar benar baik semua buku ada tetapi masalahnya adalah bahwa batas waktu sangat sedikit kita harus mengembalikan buku yang telah kita keluarkan dengan sangat cepat
0,i dont think about,saya tidak memikirkan
1,It is excellent.,itu sangat baik
-1,library facilities need to be improve by bringing some more books,fasilitas perpustakaan perlu ditingkatkan dengan membawa beberapa buku lagi
1,Library facilities are the strength of this university. It is awesome.,fasilitas perpustakaan adalah kekuatan universitas ini itu luar biasa
0,Almost each and every books is there.But the time limit for keeping book is too much shorted.,hampir setiap buku ada di sana tapi batas waktu untuk menjaga buku terlalu banyak disingkat
-1,"waste ,library is not the good place to study",limbah perpustakaan bukanlah tempat yang baik untuk belajar
0,It's good but we don't find the books because their are much less number of books,ini bagus tapi kami tidak menemukan buku karena buku itu jauh lebih sedikit
1,it is very nice and timings of library is good 5/5,ini sangat bagus dan waktu perpustakaan itu bagus 55
0,"good but there is more need of keeping books of general topics about social,polity,gk,...etc other than related to subject so that we will get some knowledge about country related issues..............",baik tetapi ada lebih banyak kebutuhan untuk menyimpan buku buku topik umum tentang sosial pemerintahan gk  dll selain terkait dengan subjek sehingga kita akan mendapatkan pengetahuan tentang masalah terkait negara  
0,Books are heavily outnumbered when compared to number of students this is the only problem with library.,buku buku jauh lebih banyak jumlahnya jika dibandingkan dengan jumlah siswa ini adalah satu satunya masalah dengan perpustakaan
-1,Insufficient books,buku yang tidak memadai
1,"I have no words to say about our library facilities,,,,,,,, SIMPLY AWESOME",saya tidak punya kata kata untuk diucapkan tentang fasilitas perpustakaan kami  cukup mengagumkan
1,good but timings should be 24hrs,bagus tapi waktunya harus 24 jam
0,"Library facility is very good but there is a problem collection of books, Available books are very less for some subjects",fasilitas perpustakaan sangat bagus tetapi ada masalah koleksi buku buku yang tersedia sangat sedikit untuk beberapa subjek
-1,rough handling,penanganan yang kasar
-1,books are not available,buku tidak tersedia
1,librery facilities are excellent,fasilitas perpustakaan sangat bagus
-1,Very rough handling,penanganan yang sangat kasar
0,yeah quite well but ... some of the books are not available,ya cukup baik tapi  beberapa buku tidak tersedia
1,library facilty is good,fasilitas perpustakaan itu bagus
1,"Library facilities are good, it maintains silence there and makes good environment to study but sometimes it goes very strict which is not required according to me.",fasilitas perpustakaan bagus mempertahankan keheningan di sana dan membuat lingkungan yang baik untuk dipelajari tetapi kadang kadang berjalan sangat ketat yang tidak diperlukan menurut saya
0,uncertain,tidak pasti
1,I like reading books in Library,saya suka membaca buku di perpustakaan
1,i felt its better because there is no problem from library facilities,saya merasa lebih baik karena tidak ada masalah dari fasilitas perpustakaan
0,Excellent but sometimes lack of books especially during exam times,luar biasa tetapi terkadang kurangnya buku terutama selama waktu ujian
0,libary is giving a lot to us but we are not getting it,libary memberi banyak hal kepada kami tetapi kami tidak mendapatkannya
0,"i've never went to library in lpu. so,i don't know about that.",saya tidak pernah pergi ke perpustakaan di lpu jadi saya tidak tahu tentang itu
0,I don't know about that because i didn't go to library till now.,saya tidak tahu tentang itu karena saya tidak pergi ke perpustakaan sampai sekarang
1,facilities are good to overcome one's need,fasilitas baik untuk mengatasi kebutuhan seseorang
-1,Required text books are not available to every student,buku teks yang diperlukan tidak tersedia untuk setiap siswa
0,library facilities are excellent...but only limited books are available ..so books should be increased.,fasilitas perpustakaan sangat bagus  tetapi hanya buku terbatas yang tersedia  jadi buku harus ditingkatkan
-1,The library has insufficent number of books for all the students,perpustakaan memiliki jumlah buku yang tidak cukup untuk semua siswa
1,very good there we can find several course books and we can find several reference books also...,sangat bagus di sana kita dapat menemukan beberapa buku kursus dan kita dapat menemukan beberapa buku referensi juga 
0,Library is vast and has got wide variety of books But I think more number of specimen copies of books should be made available,perpustakaan sangat luas dan telah mendapatkan berbagai macam buku tetapi saya pikir lebih banyak salinan spesimen buku harus tersedia
0,VERY NICE....BUT BOOKS ARE NOT AVAILABE EVERY TIME,sangat bagus  tapi buku tidak tersedia setiap saat
1,IT IS ALSO GOOD,itu juga bagus
-1,library facilities are not good.They are not following the rules( they are using phones in library).,fasilitas perpustakaan tidak baik mereka tidak mengikuti aturan mereka menggunakan ponsel di perpustakaan
1,We have a good library with all facilities.,kami memiliki perpustakaan yang bagus dengan semua fasilitas
-1,THEY IS NO PROBLEM WITH THEM,mereka tidak masalah dengan mereka
1,extracurricular activities are excellent and provides best platform to students.,kegiatan ekstrakurikuler sangat baik dan memberikan platform terbaik untuk siswa
1,Extra curricular activities also help students to divert their mind from their study for some time. University plays an important role in this task.,kegiatan ekstra kurikuler juga membantu siswa untuk mengalihkan pikiran mereka dari studi mereka selama beberapa waktu universitas memainkan peran penting dalam tugas ini
-1,Complete wastage of time. Again this opinion is strictly personal and may not coincide with others.,ini adalah pemborosan waktu yang total sekali lagi pendapat ini adalah sangat pribadi dan mungkin tidak sesuai dengan pendapat orang lain
1,extracurricular activities increases mental and physical abilities,kegiatan ekstrakurikuler meningkatkan kemampuan mental dan fisik
0,No views,tidak ada tampilan
0,No idea about the extracurricular activities.,tidak tahu tentang kegiatan ekstrakurikuler
1,Good it provides a great platform,bagus menyediakan platform yang bagus
1,While coming to extracurriculum activities it's better than any other university which I had come around.,saat datang ke kegiatan ekstrakurikulum ini lebih baik daripada universitas lain yang saya datangi
1,This university is number 1 in terms of extracurricular activities and in encouraging students to participate at their comfort levels.,universitas ini adalah nomor 1 dalam hal kegiatan ekstrakurikuler dan dalam mendorong siswa untuk berpartisipasi di tingkat kenyamanan mereka
1,Its give various opportunities and exposure,ini memberikan berbagai peluang dan paparan
0,This is really a good thing that events happen in our university regularly but they must be announced early so that every student can prepare themselves for participation because sometimes we get to know about most of the events when they have already been conducted. So announcement must be there.,ini benar benar hal yang baik bahwa peristiwa terjadi di universitas kami secara teratur tetapi mereka harus diumumkan lebih awal sehingga setiap siswa dapat mempersiapkan diri untuk partisipasi karena kadang kadang kita mengetahui sebagian besar acara ketika mereka telah dilakukan jadi pengumuman harus ada di sana
1,extracurricular activities held in university are necessary it provides student a platform where they can improve and groom them.,kegiatan ekstrakurikuler yang diadakan di universitas diperlukan untuk memberikan siswa platform di mana mereka dapat meningkatkan dan merawatnya
1,They are really very intersting. All the students enjoys alot and get a chance to showcase there talent,mereka benar benar sangat menarik semua siswa menikmati banyak dan mendapatkan kesempatan untuk menampilkan bakat di sana
1,its good for refreshment,bagus untuk penyegaran
1,"It's appreciable, Students who are having interest in co curricular activities, getting a good platform",sangat terpuji bahwa siswa yang memiliki minat dalam kegiatan kokurikuler diberikan platform yang baik
0,Good but lacks audience.....as only participants can see these activities on duty leave basis,baik tetapi tidak memiliki audiens  karena hanya peserta yang dapat melihat kegiatan ini berdasarkan cuti tugas
1,All the activities are good and appropriate for students,semua kegiatan adalah gud dan sesuai untuk siswa
0,"Thats good but the problm is whenever in university the functions like one india, one world are held we are not alowed to go because we have to attend the classes and if we miss the classes we will gona loose the attendence and everyone knows in lpu attendnce is very important. 
 Thanks","itu bagus tapi masalahnya adalah kapan pun di universitas fungsi seperti satu india satu dunia diadakan kita tidak akan pergi karena kita harus menghadiri kelas dan jika kita kehilangan kelas kita akan kehilangan kehadiran dan semua orang tahu di lpu hadir sangat penting
 terima kasih"
-1,Chance to go and enjoy should be given.I think it should be off when any activity like One India is there to go and enjoy.Otherwise everything is good.,kesempatan untuk pergi dan menikmati seharusnya diberikan saya pikir seharusnya libur ketika ada kegiatan seperti one india agar dapat pergi dan menikmatinya selain itu semuanya baik
-1,extracurricular activies should be held when there are no classes for the students to attend so that every student can enjoy and participate in the events,aktivasi ekstrakurikuler harus diadakan ketika tidak ada kelas untuk dihadiri siswa sehingga setiap siswa dapat menikmati dan berpartisipasi dalam acara tersebut
1,they are amazing and help to boost our stamina.,mereka luar biasa dan membantu meningkatkan stamina kami
1,increasing confidence,meningkatkan kepercayaan diri
1,best,terbaik
1,extracurricular activities are good.,kegiatan ekstrakurikuler bagus
0,"good it is, but teachers do not consider the new ones.",bagus tetapi guru tidak mempertimbangkan yang baru
1,extracurricular activities held in university is good.,kegiatan ekstrakurikuler yang diadakan di universitas adalah baik
1,"super, the extracurricular activities held in university. So that student can show the efforts in other fields.",super kegiatan ekstrakurikuler yang diadakan di universitas sehingga siswa dapat menunjukkan upaya di bidang lain
1,good and ample number of extracurricular activities take place,jumlah kegiatan ekstrakurikuler yang baik dan cukup
0,they are good but they should give exposure to more students and not the same.,"mereka bagus tetapi seharusnya memberikan eksposur kepada lebih banyak mahasiswa dan bukan hanya kepada yang sama setiap kali
"
0,I do not participate,saya tidak berpartisipasi
1,all are enough,semuanya sudah cukup
1,all activities are good,semua kegiatan itu bagus
1,More than best,lebih dari yang terbaik
1,Its upto mark and very efficiently held in our university,ini naik dan sangat efisien di universitas kami
1,provides good platform to interested students,memberikan platform yang baik untuk siswa yang tertarik
-1,no comments. Because when you participiate you get reappear or backlog and no time is given for exam preparation,tidak ada komentar karena ketika anda berpartisipasi anda mendapatkan tugas ulang atau backlog dan tidak ada waktu yang diberikan untuk persiapan ujian
-1,"the activities are very good but no time is given to students for participation, so its of no use",kegiatannya sangat bagus tetapi tidak ada waktu yang diberikan kepada siswa untuk partisipasi jadi tidak ada gunanya
1,lot of activities and students get exposure in games.,banyak kegiatan dan siswa mendapatkan paparan dalam permainan
1,too many activities are conducted and student get ample amount of opportunities to participate,terlalu banyak kegiatan yang dilakukan dan siswa mendapatkan banyak kesempatan untuk berpartisipasi
1,they are going excellent,mereka menjadi sangat baik
0,not much interested,tidak terlalu tertarik
-1,because of lectures..we don't get time to participate..,karena kuliahkami tidak punya waktu untuk berpartisipasi 
-1,i also want to participate in that activities but i can't take part in those activities because I'm a day scholar,saya juga ingin berpartisipasi dalam kegiatankegiatan tersebut tetapi saya tidak bisa ikut serta karena saya tinggal di luar kampus
1,Extracurricular activities are good and provide a good platform.,kegiatan ekstrakurikuler bagus dan menyediakan platform yang baik
1,that's great,itu hebat
0,hahahah,hahahah
1,very good it is a good oppurtunities to many students,sangat bagus itu adalah peluang yang baik bagi banyak siswa
1,there are many opportunities for students .. its all upon students about how they utilize them.,ada banyak peluang bagi para mahasiswa semuanya tergantung pada bagaimana mahasiswa memanfaatkannya
1,some of the universities not conducted any extracurricular activities but in our university doing these it is good for our feature,beberapa universitas tidak melakukan kegiatan ekstrakurikuler tetapi di universitas kami melakukan ini ini baik untuk fitur kami
1,IT IS VERY MUCH USEFUL AND WE CAN PARTICIPATE IN OUR INTERESTS,ini sangat berguna dan kami dapat berpartisipasi dalam minat kami
1,excelent,sangat luar biasa
1,Quite a lot of events are organized and students have a all round growth which is a nice thing.,cukup banyak acara diselenggarakan dan siswa memiliki pertumbuhan bulat yang merupakan hal yang baik
-1,Activities are not up to the mark as advertisement.,kegiatan tidak sesuai dengan iklan
1,very well,sangat baik
0,It's good but we don't get sufficient time for participating in that activities,itu bagus tapi kami tidak mendapatkan waktu yang cukup untuk berpartisipasi dalam kegiatan itu
1,unbiased,tidak memihak
1,LPU gives the best opportunity for the students to show their talent.,lpu memberikan kesempatan terbaik bagi para siswa untuk menunjukkan bakat mereka
1,these are very usefull to students .excellent,ini sangat berguna bagi siswa
0,"there are lot of extracurricular activites held in university but so many of them are unknown to us ,the problem is there is no such ad's viewed to us
 my rating is 3/5","ada banyak kegiatan ekstrakurikuler yang diadakan di universitas tetapi begitu banyak dari mereka yang tidak diketahui oleh kita masalahnya adalah tidak ada iklan seperti itu kepada kita
 peringkat saya 35"
1,these are very useful to the students for physical activity and improvement of knowledge,ini sangat berguna bagi siswa untuk aktivitas fisik dan peningkatan pengetahuan
-1,Sometimes study burden is that much that we can not participate in these activities ...there should b one activity complusory for every student like all other courses,terkadang beban belajar begitu besar sehingga kita tidak dapat berpartisipasi dalam kegiatankegiatan tersebut seharusnya ada satu kegiatan yang wajib bagi setiap mahasiswa seperti halnya mata pelajaran lainnya
1,it helps in building up university's reputation.,ini membantu dalam membangun reputasi universitas
1,It was quite great and unique.,itu cukup bagus dan unik
1,"it is relly awesome,extirdinary and marvellous but no time to attend",ini sangat mengagumkan ekstrirdiner dan luar biasa tetapi tidak ada waktu untuk hadir
1,that is only good in this university,itu hanya bagus di universitas ini
1,excellent..... u r the best in providing facilties and etc .. for extra curricular activities,luar biasa  anda yang terbaik dalam menyediakan fasilitas dan dll untuk aktivitas kurikuler tambahan
1,extracurricular activities are also good,kegiatan ekstrakurikuler juga bagus
1,university offers alkot of activities which is excellent on their part as students are able to explore themselves,universitas menawarkan alkot kegiatan yang sangat baik di pihak mereka karena siswa dapat menjelajahi diri mereka sendiri
1,Extracurricular activities are good. It helps people to know their talent and build up their skills.,kegiatan ekstrakurikuler bagus ini membantu orang untuk mengetahui bakat mereka dan membangun keterampilan mereka
1,I am really enjoying,saya sangat menikmati
1,i felt happy because it encourages our talents,saya merasa bahagia karena itu mendorong bakat kami
1,better,lebih baik
-1,"before coming to lpu i thought sports were very good n encouraging.but, there are many politics in sports especially in cricket.",sebelum datang ke lpu saya pikir olahraga sangat bagus dan mendorong tapi ada banyak politik dalam olahraga terutama di kriket
-1,not every one is getting opportunities here only recommended students getting.,tidak semua mendapatkan peluang di sini hanya merekomendasikan siswa mendapatkan
1,it seems to me very good since it is a good source of interaction with other and to built a leadership quilities and to overcome our faults.,tampaknya bagi saya sangat baik karena ini merupakan sumber interaksi yang baik dengan yang lain dan untuk membangun kuilitas kepemimpinan dan untuk mengatasi kesalahan kita
1,They are sportive,mereka sportif
1,One of the best things I like about this university. The best of all.,salah satu hal terbaik yang saya sukai dari universitas ini yang terbaik dari semuanya
1,They are extraordinary,mereka luar biasa
1,extra curricular are so good. university is providing many pathways to many students....apart from education,kurikuler ekstra sangat bagus universitas menyediakan banyak jalur bagi banyak siswa  selain dari pendidikan
1,good they are knowledgebale and helps us interacting with other students,bagus mereka adalah pengetahuan dan membantu kami berinteraksi dengan siswa lain
1,in this university there is lot of events and lot of extra curriclar activities....,di universitas ini ada banyak acara dan banyak kegiatan kurikus tambahan 
-1,VERY HIGH......NEED TO TAKE DOWN SOME ACCITIVTIES ................................NOISE POLuTION IN THE UNIVERSITY ALWAYS A BIG PROBLEM.,sangat tinggi perlu mengurangi beberapa aktivitas pencemaran suara di kampus selalu menjadi masalah besar
1,they all are held in super,mereka semua ditahan di super
1,the extracurricular activities held in university are very enjoyable and good,kegiatan ekstrakurikuler yang diadakan di universitas sangat menyenangkan dan baik
1,Our university has lot of extracurricular going on and it helps us a lot.,universitas kami memiliki banyak ekstrakurikuler yang terjadi dan itu banyak membantu kami
1,IT IS THE BEST THING IN THIS UNIVERSITY I LIKE IT,ini adalah hal terbaik di universitas ini saya menyukainya
